"Time (s)","Distance (cm)"
5.429874989E-3,5.000000000E0