"Time (s)","Distance (cm)"
5.388999998E-3,5.000000000E0
5.858232367E1,0.000000000E0
1.199296858E2,5.000000000E0
4.193030621E2,0.000000000E0
4.361394931E2,5.000000000E0