"Time (s)","Distance (cm)"
5.795124976E-3,5.000000000E0
2.985429335E2,5.000000000E0