"Time (s)","Distance (cm)"
2.963458304E-3,5.000000000E0
8.128168333E-1,0.000000000E0
2.150432990E2,5.000000000E0