"Time (s)","Distance (cm)"
3.913791666E-3,5.000000000E0
1.859456958E0,0.000000000E0
1.787751169E3,5.000000000E0