"Time (s)","Distance (cm)"
4.102791660E-3,5.000000000E0
8.798471250E-1,0.000000000E0
5.432338335E2,5.000000000E0